{"cameraMode":{"drawMode":0,"name":"Shaded","section":"Shading Mode"},"sceneLighting":false,"audioPlay":false,"sceneViewState":{"m_AlwaysRefresh":false,"showFog":false,"showSkybox":false,"showFlares":true,"showImageEffects":true,"showParticleSystems":true,"showVisualEffectGraphs":true,"m_FxEnabled":true},"in2DMode":false,"pivot":{"x":13.515360832214356,"y":27.327482223510743,"z":-0.7052865624427795},"rotation":{"x":0.2810215651988983,"y":0.6393181085586548,"z":-0.27584877610206606,"w":0.6616509556770325},"size":0.8660253882408142,"orthographic":false}