{"cameraMode":{"drawMode":0,"name":"Shaded","section":"Shading Mode"},"sceneLighting":false,"audioPlay":false,"sceneViewState":{"m_AlwaysRefresh":false,"showFog":false,"showSkybox":false,"showFlares":true,"showImageEffects":true,"showParticleSystems":true,"showVisualEffectGraphs":true,"m_FxEnabled":true},"in2DMode":false,"pivot":{"x":430.4471435546875,"y":269.4315490722656,"z":88.5604248046875},"rotation":{"x":-0.026395028457045556,"y":-0.006047602277249098,"z":0.0028959226328879596,"w":-1.0002728700637818},"size":282.67401123046877,"orthographic":true}