{"cameraMode":{"drawMode":0,"name":"Shaded","section":"Shading Mode"},"sceneLighting":false,"audioPlay":false,"sceneViewState":{"m_AlwaysRefresh":false,"showFog":false,"showSkybox":false,"showFlares":true,"showImageEffects":true,"showParticleSystems":true,"showVisualEffectGraphs":true,"m_FxEnabled":true},"in2DMode":false,"pivot":{"x":213.20953369140626,"y":34.709693908691409,"z":-33.6639404296875},"rotation":{"x":-0.005453197285532951,"y":-0.9879847168922424,"z":0.15053218603134156,"w":-0.03558310121297836},"size":103.07762908935547,"orthographic":false}