{"cameraMode":{"drawMode":0,"name":"Shaded","section":"Shading Mode"},"sceneLighting":false,"audioPlay":false,"sceneViewState":{"m_AlwaysRefresh":false,"showFog":false,"showSkybox":false,"showFlares":true,"showImageEffects":true,"showParticleSystems":true,"showVisualEffectGraphs":true,"m_FxEnabled":true},"in2DMode":false,"pivot":{"x":149.069580078125,"y":292.07659912109377,"z":1651.595947265625},"rotation":{"x":0.029891150072216989,"y":0.9639981985092163,"z":-0.23465928435325623,"w":0.12204673141241074},"size":316.92987060546877,"orthographic":false}