{"cameraMode":{"drawMode":0,"name":"Shaded","section":"Shading Mode"},"sceneLighting":false,"audioPlay":false,"sceneViewState":{"m_AlwaysRefresh":false,"showFog":false,"showSkybox":false,"showFlares":true,"showImageEffects":true,"showParticleSystems":true,"showVisualEffectGraphs":true,"m_FxEnabled":true},"in2DMode":false,"pivot":{"x":35.732948303222659,"y":8.750879287719727,"z":-44.379146575927737},"rotation":{"x":0.12574605643749238,"y":-0.6525467038154602,"z":0.11115271598100662,"w":0.7390616536140442},"size":20.062694549560548,"orthographic":false}