{"cameraMode":{"drawMode":0,"name":"Shaded","section":"Shading Mode"},"sceneLighting":false,"audioPlay":false,"sceneViewState":{"m_AlwaysRefresh":false,"showFog":false,"showSkybox":false,"showFlares":true,"showImageEffects":true,"showParticleSystems":true,"showVisualEffectGraphs":true,"m_FxEnabled":true},"in2DMode":false,"pivot":{"x":46.99742126464844,"y":9.932426452636719,"z":-41.402400970458987},"rotation":{"x":0.04560324177145958,"y":-0.9405698776245117,"z":0.14046841859817506,"w":0.30615949630737307},"size":1.4686765670776368,"orthographic":false}