{"cameraMode":{"drawMode":0,"name":"Shaded","section":"Shading Mode"},"sceneLighting":false,"audioPlay":false,"sceneViewState":{"m_AlwaysRefresh":false,"showFog":false,"showSkybox":false,"showFlares":true,"showImageEffects":true,"showParticleSystems":true,"showVisualEffectGraphs":true,"m_FxEnabled":true},"in2DMode":false,"pivot":{"x":0.8846046924591065,"y":7.695659637451172,"z":-41.081783294677737},"rotation":{"x":0.00011501101835165173,"y":0.9883841872215271,"z":-0.1524249017238617,"w":0.0009269925067201257},"size":24.00486183166504,"orthographic":false}