{"cameraMode":{"drawMode":0,"name":"Shaded","section":"Shading Mode"},"sceneLighting":false,"audioPlay":false,"sceneViewState":{"m_AlwaysRefresh":false,"showFog":false,"showSkybox":false,"showFlares":true,"showImageEffects":true,"showParticleSystems":true,"showVisualEffectGraphs":true,"m_FxEnabled":true},"in2DMode":false,"pivot":{"x":375.3937683105469,"y":197.18157958984376,"z":954.3104858398438},"rotation":{"x":-0.013207606971263886,"y":0.00047864567022770643,"z":0.0021659343037754299,"w":-1.000518560409546},"size":741.8900146484375,"orthographic":false}