{"cameraMode":{"drawMode":0,"name":"Shaded","section":"Shading Mode"},"sceneLighting":false,"audioPlay":false,"sceneViewState":{"m_AlwaysRefresh":false,"showFog":false,"showSkybox":false,"showFlares":true,"showImageEffects":true,"showParticleSystems":true,"showVisualEffectGraphs":true,"m_FxEnabled":true},"in2DMode":false,"pivot":{"x":12.315338134765625,"y":77.77497863769531,"z":1525.301025390625},"rotation":{"x":-0.0008485486614517868,"y":-0.7071065902709961,"z":-0.0008485456928610802,"w":0.7071067094802856},"size":387.4824523925781,"orthographic":true}